round_num,query_time,player_id,status_id
35,2018-11-15 14:00:00,37851,Nulo
35,2018-11-15 14:00:00,37798,Nulo
35,2018-11-15 14:00:00,37701,Dúvida
35,2018-11-15 14:00:00,37281,Provável
35,2018-11-15 14:00:00,37717,Nulo
35,2018-11-15 14:00:00,37694,Provável
35,2018-11-15 14:00:00,37770,Contundido
35,2018-11-15 14:00:00,37607,Provável
35,2018-11-15 14:00:00,37792,Provável
35,2018-11-15 14:00:00,37604,Contundido
35,2018-11-15 14:00:00,36540,Contundido
35,2018-11-15 14:00:00,37718,Nulo
35,2018-11-15 14:00:00,38067,Provável
35,2018-11-15 14:00:00,38140,Nulo
35,2018-11-15 14:00:00,38162,Dúvida
35,2018-11-15 14:00:00,38277,Provável
35,2018-11-15 14:00:00,37899,Nulo
35,2018-11-15 14:00:00,38229,Suspenso
35,2018-11-15 14:00:00,38196,Dúvida
35,2018-11-15 14:00:00,38100,Nulo
35,2018-11-15 14:00:00,38109,Nulo
35,2018-11-15 14:00:00,38394,Provável
35,2018-11-15 14:00:00,38279,Provável
35,2018-11-15 14:00:00,38001,Nulo
35,2018-11-15 14:00:00,38287,Nulo
35,2018-11-15 14:00:00,38311,Provável
35,2018-11-15 14:00:00,38315,Provável
35,2018-11-15 14:00:00,38350,Nulo
35,2018-11-15 14:00:00,38505,Provável
35,2018-11-15 14:00:00,38421,Nulo
35,2018-11-15 14:00:00,38545,Dúvida
35,2018-11-15 14:00:00,38508,Nulo
35,2018-11-15 14:00:00,38506,Contundido
35,2018-11-15 14:00:00,38738,Nulo
35,2018-11-15 14:00:00,38908,Nulo
35,2018-11-15 14:00:00,38509,Contundido
35,2018-11-15 14:00:00,38573,Provável
35,2018-11-15 14:00:00,38695,Contundido
35,2018-11-15 14:00:00,41218,Contundido
35,2018-11-15 14:00:00,42138,Nulo
35,2018-11-15 14:00:00,41929,Provável
35,2018-11-15 14:00:00,38909,Provável
35,2018-11-15 14:00:00,42116,Provável
35,2018-11-15 14:00:00,42145,Provável
35,2018-11-15 14:00:00,40025,Provável
35,2018-11-15 14:00:00,40990,Provável
35,2018-11-15 14:00:00,42499,Provável
35,2018-11-15 14:00:00,42500,Provável
35,2018-11-15 14:00:00,43618,Provável
35,2018-11-15 14:00:00,42232,Provável
35,2018-11-15 14:00:00,42491,Nulo
35,2018-11-15 14:00:00,42501,Nulo
35,2018-11-15 14:00:00,49651,Nulo
35,2018-11-15 14:00:00,42234,Provável
35,2018-11-15 14:00:00,49674,Nulo
35,2018-11-15 14:00:00,49673,Provável
35,2018-11-15 14:00:00,50301,Provável
35,2018-11-15 14:00:00,60825,Provável
35,2018-11-15 14:00:00,42411,Provável
35,2018-11-15 14:00:00,50307,Provável
35,2018-11-15 14:00:00,50294,Contundido
35,2018-11-15 14:00:00,38523,Provável
35,2018-11-15 14:00:00,38632,Provável
35,2018-11-15 14:00:00,50402,Nulo
35,2018-11-15 14:00:00,50408,Contundido
35,2018-11-15 14:00:00,50328,Dúvida
35,2018-11-15 14:00:00,50407,Nulo
35,2018-11-15 14:00:00,50362,Nulo
35,2018-11-15 14:00:00,50439,Nulo
35,2018-11-15 14:00:00,50401,Nulo
35,2018-11-15 14:00:00,50421,Nulo
35,2018-11-15 14:00:00,50459,Provável
35,2018-11-15 14:00:00,50645,Provável
35,2018-11-15 14:00:00,50313,Nulo
35,2018-11-15 14:00:00,51194,Nulo
35,2018-11-15 14:00:00,50877,Nulo
35,2018-11-15 14:00:00,50856,Provável
35,2018-11-15 14:00:00,51318,Dúvida
35,2018-11-15 14:00:00,50324,Provável
35,2018-11-15 14:00:00,51413,Nulo
35,2018-11-15 14:00:00,50898,Nulo
35,2018-11-15 14:00:00,52253,Provável
35,2018-11-15 14:00:00,52618,Provável
35,2018-11-15 14:00:00,52674,Contundido
35,2018-11-15 14:00:00,51772,Provável
35,2018-11-15 14:00:00,60788,Nulo
35,2018-11-15 14:00:00,60819,Nulo
35,2018-11-15 14:00:00,52950,Provável
35,2018-11-15 14:00:00,52190,Provável
35,2018-11-15 14:00:00,60969,Provável
35,2018-11-15 14:00:00,54395,Suspenso
35,2018-11-15 14:00:00,60859,Provável
35,2018-11-15 14:00:00,55348,Nulo
35,2018-11-15 14:00:00,60834,Provável
35,2018-11-15 14:00:00,60852,Nulo
35,2018-11-15 14:00:00,61188,Dúvida
35,2018-11-15 14:00:00,61985,Provável
35,2018-11-15 14:00:00,62104,Provável
35,2018-11-15 14:00:00,62121,Provável
35,2018-11-15 14:00:00,62009,Nulo
35,2018-11-15 14:00:00,62024,Nulo
35,2018-11-15 14:00:00,62129,Provável
35,2018-11-15 14:00:00,62127,Nulo
35,2018-11-15 14:00:00,62047,Nulo
35,2018-11-15 14:00:00,62136,Provável
35,2018-11-15 14:00:00,62023,Dúvida
35,2018-11-15 14:00:00,62086,Dúvida
35,2018-11-15 14:00:00,51495,Provável
35,2018-11-15 14:00:00,62137,Provável
35,2018-11-15 14:00:00,62974,Nulo
35,2018-11-15 14:00:00,63119,Contundido
35,2018-11-15 14:00:00,63110,Dúvida
35,2018-11-15 14:00:00,63158,Provável
35,2018-11-15 14:00:00,63082,Nulo
35,2018-11-15 14:00:00,63128,Provável
35,2018-11-15 14:00:00,63058,Provável
35,2018-11-15 14:00:00,63122,Nulo
35,2018-11-15 14:00:00,63172,Nulo
35,2018-11-15 14:00:00,63219,Provável
35,2018-11-15 14:00:00,63289,Provável
35,2018-11-15 14:00:00,63194,Provável
35,2018-11-15 14:00:00,63354,Suspenso
35,2018-11-15 14:00:00,69249,Nulo
35,2018-11-15 14:00:00,68696,Nulo
35,2018-11-15 14:00:00,68821,Nulo
35,2018-11-15 14:00:00,63422,Provável
35,2018-11-15 14:00:00,78435,Provável
35,2018-11-15 14:00:00,68690,Nulo
35,2018-11-15 14:00:00,68698,Nulo
35,2018-11-15 14:00:00,68784,Nulo
35,2018-11-15 14:00:00,68817,Contundido
35,2018-11-15 14:00:00,68727,Provável
35,2018-11-15 14:00:00,68834,Nulo
35,2018-11-15 14:00:00,68808,Contundido
35,2018-11-15 14:00:00,68800,Dúvida
35,2018-11-15 14:00:00,68744,Nulo
35,2018-11-15 14:00:00,68770,Nulo
35,2018-11-15 14:00:00,68872,Provável
35,2018-11-15 14:00:00,68886,Provável
35,2018-11-15 14:00:00,68895,Suspenso
35,2018-11-15 14:00:00,68887,Provável
35,2018-11-15 14:00:00,68873,Provável
35,2018-11-15 14:00:00,68893,Nulo
35,2018-11-15 14:00:00,68896,Contundido
35,2018-11-15 14:00:00,68920,Provável
35,2018-11-15 14:00:00,68911,Provável
35,2018-11-15 14:00:00,68917,Nulo
35,2018-11-15 14:00:00,63013,Nulo
35,2018-11-15 14:00:00,68925,Provável
35,2018-11-15 14:00:00,68938,Nulo
35,2018-11-15 14:00:00,68928,Nulo
35,2018-11-15 14:00:00,68952,Nulo
35,2018-11-15 14:00:00,69012,Provável
35,2018-11-15 14:00:00,68930,Nulo
35,2018-11-15 14:00:00,69014,Provável
35,2018-11-15 14:00:00,68950,Provável
35,2018-11-15 14:00:00,69008,Contundido
35,2018-11-15 14:00:00,69022,Provável
35,2018-11-15 14:00:00,69705,Provável
35,2018-11-15 14:00:00,68953,Provável
35,2018-11-15 14:00:00,68901,Nulo
35,2018-11-15 14:00:00,71709,Provável
35,2018-11-15 14:00:00,69047,Nulo
35,2018-11-15 14:00:00,69040,Nulo
35,2018-11-15 14:00:00,69051,Contundido
35,2018-11-15 14:00:00,69138,Provável
35,2018-11-15 14:00:00,70046,Provável
35,2018-11-15 14:00:00,69141,Nulo
35,2018-11-15 14:00:00,69018,Nulo
35,2018-11-15 14:00:00,69177,Nulo
35,2018-11-15 14:00:00,70222,Nulo
35,2018-11-15 14:00:00,70118,Contundido
35,2018-11-15 14:00:00,70581,Nulo
35,2018-11-15 14:00:00,70360,Dúvida
35,2018-11-15 14:00:00,70116,Nulo
35,2018-11-15 14:00:00,70666,Nulo
35,2018-11-15 14:00:00,70742,Nulo
35,2018-11-15 14:00:00,70784,Contundido
35,2018-11-15 14:00:00,78407,Nulo
35,2018-11-15 14:00:00,86757,Provável
35,2018-11-15 14:00:00,78445,Provável
35,2018-11-15 14:00:00,70874,Provável
35,2018-11-15 14:00:00,70925,Nulo
35,2018-11-15 14:00:00,78475,Contundido
35,2018-11-15 14:00:00,70916,Dúvida
35,2018-11-15 14:00:00,78478,Provável
35,2018-11-15 14:00:00,78415,Nulo
35,2018-11-15 14:00:00,78548,Nulo
35,2018-11-15 14:00:00,70934,Provável
35,2018-11-15 14:00:00,71019,Nulo
35,2018-11-15 14:00:00,70944,Provável
35,2018-11-15 14:00:00,78577,Nulo
35,2018-11-15 14:00:00,78584,Provável
35,2018-11-15 14:00:00,78497,Nulo
35,2018-11-15 14:00:00,70986,Nulo
35,2018-11-15 14:00:00,71066,Nulo
35,2018-11-15 14:00:00,78605,Nulo
35,2018-11-15 14:00:00,71116,Dúvida
35,2018-11-15 14:00:00,78654,Nulo
35,2018-11-15 14:00:00,78632,Nulo
35,2018-11-15 14:00:00,70009,Nulo
35,2018-11-15 14:00:00,81682,Provável
35,2018-11-15 14:00:00,78850,Provável
35,2018-11-15 14:00:00,78715,Dúvida
35,2018-11-15 14:00:00,71121,Nulo
35,2018-11-15 14:00:00,71389,Nulo
35,2018-11-15 14:00:00,71162,Nulo
35,2018-11-15 14:00:00,71549,Provável
35,2018-11-15 14:00:00,78851,Provável
35,2018-11-15 14:00:00,81684,Dúvida
35,2018-11-15 14:00:00,71479,Provável
35,2018-11-15 14:00:00,71571,Provável
35,2018-11-15 14:00:00,78856,Provável
35,2018-11-15 14:00:00,78855,Dúvida
35,2018-11-15 14:00:00,71631,Provável
35,2018-11-15 14:00:00,78865,Provável
35,2018-11-15 14:00:00,78894,Provável
35,2018-11-15 14:00:00,71572,Nulo
35,2018-11-15 14:00:00,71684,Provável
35,2018-11-15 14:00:00,71882,Nulo
35,2018-11-15 14:00:00,78968,Provável
35,2018-11-15 14:00:00,78991,Suspenso
35,2018-11-15 14:00:00,71719,Nulo
35,2018-11-15 14:00:00,71787,Contundido
35,2018-11-15 14:00:00,79064,Nulo
35,2018-11-15 14:00:00,79244,Dúvida
35,2018-11-15 14:00:00,71799,Dúvida
35,2018-11-15 14:00:00,79035,Nulo
35,2018-11-15 14:00:00,71920,Provável
35,2018-11-15 14:00:00,79113,Provável
35,2018-11-15 14:00:00,79334,Nulo
35,2018-11-15 14:00:00,71844,Provável
35,2018-11-15 14:00:00,79042,Nulo
35,2018-11-15 14:00:00,79553,Contundido
35,2018-11-15 14:00:00,79336,Contundido
35,2018-11-15 14:00:00,71818,Nulo
35,2018-11-15 14:00:00,71937,Provável
35,2018-11-15 14:00:00,79276,Nulo
35,2018-11-15 14:00:00,79701,Nulo
35,2018-11-15 14:00:00,72097,Nulo
35,2018-11-15 14:00:00,79887,Provável
35,2018-11-15 14:00:00,79702,Nulo
35,2018-11-15 14:00:00,79578,Nulo
35,2018-11-15 14:00:00,72142,Provável
35,2018-11-15 14:00:00,72168,Contundido
35,2018-11-15 14:00:00,79892,Nulo
35,2018-11-15 14:00:00,72079,Provável
35,2018-11-15 14:00:00,80370,Nulo
35,2018-11-15 14:00:00,72294,Provável
35,2018-11-15 14:00:00,80140,Nulo
35,2018-11-15 14:00:00,80188,Dúvida
35,2018-11-15 14:00:00,80287,Provável
35,2018-11-15 14:00:00,80196,Provável
35,2018-11-15 14:00:00,80080,Provável
35,2018-11-15 14:00:00,80193,Nulo
35,2018-11-15 14:00:00,80189,Provável
35,2018-11-15 14:00:00,80286,Nulo
35,2018-11-15 14:00:00,80318,Nulo
35,2018-11-15 14:00:00,80326,Nulo
35,2018-11-15 14:00:00,80313,Contundido
35,2018-11-15 14:00:00,80363,Provável
35,2018-11-15 14:00:00,80374,Provável
35,2018-11-15 14:00:00,80536,Nulo
35,2018-11-15 14:00:00,80395,Nulo
35,2018-11-15 14:00:00,80393,Nulo
35,2018-11-15 14:00:00,80667,Nulo
35,2018-11-15 14:00:00,80573,Nulo
35,2018-11-15 14:00:00,80853,Provável
35,2018-11-15 14:00:00,80692,Provável
35,2018-11-15 14:00:00,72290,Nulo
35,2018-11-15 14:00:00,72359,Provável
35,2018-11-15 14:00:00,80895,Contundido
35,2018-11-15 14:00:00,80944,Nulo
35,2018-11-15 14:00:00,80583,Nulo
35,2018-11-15 14:00:00,81091,Provável
35,2018-11-15 14:00:00,80129,Provável
35,2018-11-15 14:00:00,81150,Provável
35,2018-11-15 14:00:00,72372,Nulo
35,2018-11-15 14:00:00,81537,Contundido
35,2018-11-15 14:00:00,81677,Nulo
35,2018-11-15 14:00:00,81241,Provável
35,2018-11-15 14:00:00,72588,Provável
35,2018-11-15 14:00:00,73074,Nulo
35,2018-11-15 14:00:00,72362,Provável
35,2018-11-15 14:00:00,87696,Nulo
35,2018-11-15 14:00:00,72386,Provável
35,2018-11-15 14:00:00,73281,Contundido
35,2018-11-15 14:00:00,73414,Nulo
35,2018-11-15 14:00:00,73384,Provável
35,2018-11-15 14:00:00,72491,Nulo
35,2018-11-15 14:00:00,73413,Nulo
35,2018-11-15 14:00:00,73540,Nulo
35,2018-11-15 14:00:00,73703,Nulo
35,2018-11-15 14:00:00,73515,Provável
35,2018-11-15 14:00:00,73635,Nulo
35,2018-11-15 14:00:00,73620,Suspenso
35,2018-11-15 14:00:00,73721,Nulo
35,2018-11-15 14:00:00,73800,Nulo
35,2018-11-15 14:00:00,73883,Nulo
35,2018-11-15 14:00:00,81770,Nulo
35,2018-11-15 14:00:00,73923,Nulo
35,2018-11-15 14:00:00,81776,Contundido
35,2018-11-15 14:00:00,73896,Nulo
35,2018-11-15 14:00:00,81881,Provável
35,2018-11-15 14:00:00,73936,Nulo
35,2018-11-15 14:00:00,73918,Provável
35,2018-11-15 14:00:00,81798,Nulo
35,2018-11-15 14:00:00,81845,Provável
35,2018-11-15 14:00:00,81898,Nulo
35,2018-11-15 14:00:00,73962,Provável
35,2018-11-15 14:00:00,81905,Provável
35,2018-11-15 14:00:00,81951,Provável
35,2018-11-15 14:00:00,73974,Provável
35,2018-11-15 14:00:00,73975,Provável
35,2018-11-15 14:00:00,73978,Provável
35,2018-11-15 14:00:00,73991,Contundido
35,2018-11-15 14:00:00,73992,Dúvida
35,2018-11-15 14:00:00,82455,Provável
35,2018-11-15 14:00:00,86766,Nulo
35,2018-11-15 14:00:00,99034,Nulo
35,2018-11-15 14:00:00,86760,Nulo
35,2018-11-15 14:00:00,86759,Nulo
35,2018-11-15 14:00:00,82381,Provável
35,2018-11-15 14:00:00,88916,Nulo
35,2018-11-15 14:00:00,86797,Nulo
35,2018-11-15 14:00:00,89227,Nulo
35,2018-11-15 14:00:00,89224,Nulo
35,2018-11-15 14:00:00,74061,Provável
35,2018-11-15 14:00:00,87262,Provável
35,2018-11-15 14:00:00,89226,Provável
35,2018-11-15 14:00:00,86820,Nulo
35,2018-11-15 14:00:00,91194,Nulo
35,2018-11-15 14:00:00,89150,Contundido
35,2018-11-15 14:00:00,82626,Nulo
35,2018-11-15 14:00:00,74074,Provável
35,2018-11-15 14:00:00,74081,Contundido
35,2018-11-15 14:00:00,78379,Dúvida
35,2018-11-15 14:00:00,89492,Nulo
35,2018-11-15 14:00:00,89493,Provável
35,2018-11-15 14:00:00,86776,Nulo
35,2018-11-15 14:00:00,74140,Provável
35,2018-11-15 14:00:00,82634,Provável
35,2018-11-15 14:00:00,86859,Contundido
35,2018-11-15 14:00:00,89370,Nulo
35,2018-11-15 14:00:00,82639,Nulo
35,2018-11-15 14:00:00,82630,Provável
35,2018-11-15 14:00:00,86861,Nulo
35,2018-11-15 14:00:00,74213,Nulo
35,2018-11-15 14:00:00,82767,Nulo
35,2018-11-15 14:00:00,82939,Nulo
35,2018-11-15 14:00:00,89646,Nulo
35,2018-11-15 14:00:00,83048,Nulo
35,2018-11-15 14:00:00,74271,Dúvida
35,2018-11-15 14:00:00,89676,Dúvida
35,2018-11-15 14:00:00,89827,Nulo
35,2018-11-15 14:00:00,86928,Nulo
35,2018-11-15 14:00:00,89838,Nulo
35,2018-11-15 14:00:00,86863,Nulo
35,2018-11-15 14:00:00,87342,Dúvida
35,2018-11-15 14:00:00,75295,Suspenso
35,2018-11-15 14:00:00,83204,Nulo
35,2018-11-15 14:00:00,75372,Nulo
35,2018-11-15 14:00:00,86951,Nulo
35,2018-11-15 14:00:00,89885,Nulo
35,2018-11-15 14:00:00,77500,Nulo
35,2018-11-15 14:00:00,86972,Provável
35,2018-11-15 14:00:00,77809,Dúvida
35,2018-11-15 14:00:00,78077,Nulo
35,2018-11-15 14:00:00,77959,Provável
35,2018-11-15 14:00:00,89883,Nulo
35,2018-11-15 14:00:00,86973,Dúvida
35,2018-11-15 14:00:00,90061,Suspenso
35,2018-11-15 14:00:00,87009,Nulo
35,2018-11-15 14:00:00,78086,Provável
35,2018-11-15 14:00:00,89930,Nulo
35,2018-11-15 14:00:00,78248,Provável
35,2018-11-15 14:00:00,90264,Nulo
35,2018-11-15 14:00:00,90285,Suspenso
35,2018-11-15 14:00:00,87098,Nulo
35,2018-11-15 14:00:00,87225,Nulo
35,2018-11-15 14:00:00,87192,Nulo
35,2018-11-15 14:00:00,87393,Nulo
35,2018-11-15 14:00:00,87470,Nulo
35,2018-11-15 14:00:00,90303,Nulo
35,2018-11-15 14:00:00,90309,Provável
35,2018-11-15 14:00:00,87402,Provável
35,2018-11-15 14:00:00,83257,Provável
35,2018-11-15 14:00:00,90444,Provável
35,2018-11-15 14:00:00,90406,Nulo
35,2018-11-15 14:00:00,90535,Nulo
35,2018-11-15 14:00:00,90569,Provável
35,2018-11-15 14:00:00,87742,Nulo
35,2018-11-15 14:00:00,87679,Nulo
35,2018-11-15 14:00:00,90715,Provável
35,2018-11-15 14:00:00,83433,Provável
35,2018-11-15 14:00:00,90768,Provável
35,2018-11-15 14:00:00,87863,Nulo
35,2018-11-15 14:00:00,83528,Nulo
35,2018-11-15 14:00:00,87747,Nulo
35,2018-11-15 14:00:00,87877,Provável
35,2018-11-15 14:00:00,91203,Nulo
35,2018-11-15 14:00:00,91201,Nulo
35,2018-11-15 14:00:00,90843,Nulo
35,2018-11-15 14:00:00,90846,Nulo
35,2018-11-15 14:00:00,87946,Nulo
35,2018-11-15 14:00:00,91251,Nulo
35,2018-11-15 14:00:00,91206,Nulo
35,2018-11-15 14:00:00,91260,Nulo
35,2018-11-15 14:00:00,88087,Provável
35,2018-11-15 14:00:00,90899,Suspenso
35,2018-11-15 14:00:00,87999,Suspenso
35,2018-11-15 14:00:00,83626,Contundido
35,2018-11-15 14:00:00,91264,Nulo
35,2018-11-15 14:00:00,90933,Provável
35,2018-11-15 14:00:00,83772,Dúvida
35,2018-11-15 14:00:00,91359,Nulo
35,2018-11-15 14:00:00,88125,Nulo
35,2018-11-15 14:00:00,91101,Nulo
35,2018-11-15 14:00:00,91508,Provável
35,2018-11-15 14:00:00,91001,Nulo
35,2018-11-15 14:00:00,91573,Provável
35,2018-11-15 14:00:00,91102,Nulo
35,2018-11-15 14:00:00,91607,Nulo
35,2018-11-15 14:00:00,88224,Nulo
35,2018-11-15 14:00:00,88225,Nulo
35,2018-11-15 14:00:00,84187,Nulo
35,2018-11-15 14:00:00,83869,Nulo
35,2018-11-15 14:00:00,91130,Nulo
35,2018-11-15 14:00:00,91151,Provável
35,2018-11-15 14:00:00,84509,Nulo
35,2018-11-15 14:00:00,88323,Nulo
35,2018-11-15 14:00:00,91156,Provável
35,2018-11-15 14:00:00,84555,Nulo
35,2018-11-15 14:00:00,91626,Provável
35,2018-11-15 14:00:00,91644,Nulo
35,2018-11-15 14:00:00,88393,Provável
35,2018-11-15 14:00:00,91649,Nulo
35,2018-11-15 14:00:00,84558,Nulo
35,2018-11-15 14:00:00,91191,Contundido
35,2018-11-15 14:00:00,88368,Contundido
35,2018-11-15 14:00:00,91706,Nulo
35,2018-11-15 14:00:00,91664,Provável
35,2018-11-15 14:00:00,91687,Nulo
35,2018-11-15 14:00:00,84585,Nulo
35,2018-11-15 14:00:00,91702,Nulo
35,2018-11-15 14:00:00,84709,Provável
35,2018-11-15 14:00:00,37688,Dúvida
35,2018-11-15 14:00:00,37662,Nulo
35,2018-11-15 14:00:00,84863,Provável
35,2018-11-15 14:00:00,37656,Provável
35,2018-11-15 14:00:00,37655,Provável
35,2018-11-15 14:00:00,99041,Nulo
35,2018-11-15 14:00:00,88395,Nulo
35,2018-11-15 14:00:00,88412,Nulo
35,2018-11-15 14:00:00,99160,Nulo
35,2018-11-15 14:00:00,99545,Nulo
35,2018-11-15 14:00:00,99411,Nulo
35,2018-11-15 14:00:00,99425,Nulo
35,2018-11-15 14:00:00,99430,Nulo
35,2018-11-15 14:00:00,99440,Nulo
35,2018-11-15 14:00:00,99461,Nulo
35,2018-11-15 14:00:00,99627,Nulo
35,2018-11-15 14:00:00,99595,Nulo
35,2018-11-15 14:00:00,99574,Nulo
35,2018-11-15 14:00:00,99584,Nulo
35,2018-11-15 14:00:00,83817,Nulo
35,2018-11-15 14:00:00,99615,Nulo
35,2018-11-15 14:00:00,99628,Nulo
35,2018-11-15 14:00:00,99789,Nulo
35,2018-11-15 14:00:00,99894,Nulo
35,2018-11-15 14:00:00,99881,Nulo
35,2018-11-15 14:00:00,99891,Provável
35,2018-11-15 14:00:00,99832,Nulo
35,2018-11-15 14:00:00,99629,Nulo
35,2018-11-15 14:00:00,99921,Nulo
35,2018-11-15 14:00:00,99915,Nulo
35,2018-11-15 14:00:00,99994,Nulo
35,2018-11-15 14:00:00,99903,Nulo
35,2018-11-15 14:00:00,100065,Nulo
35,2018-11-15 14:00:00,100125,Nulo
35,2018-11-15 14:00:00,100084,Contundido
35,2018-11-15 14:00:00,100126,Nulo
35,2018-11-15 14:00:00,100127,Nulo
35,2018-11-15 14:00:00,100159,Nulo
35,2018-11-15 14:00:00,100158,Nulo
35,2018-11-15 14:00:00,100459,Nulo
35,2018-11-15 14:00:00,100322,Nulo
35,2018-11-15 14:00:00,100333,Nulo
35,2018-11-15 14:00:00,100430,Nulo
35,2018-11-15 14:00:00,100652,Nulo
35,2018-11-15 14:00:00,100651,Provável
35,2018-11-15 14:00:00,100712,Nulo
35,2018-11-15 14:00:00,100683,Nulo
35,2018-11-15 14:00:00,100742,Nulo
35,2018-11-15 14:00:00,100746,Nulo
35,2018-11-15 14:00:00,100741,Nulo
35,2018-11-15 14:00:00,100762,Nulo
35,2018-11-15 14:00:00,100761,Nulo
35,2018-11-15 14:00:00,100763,Nulo
35,2018-11-15 14:00:00,100830,Nulo
35,2018-11-15 14:00:00,100800,Nulo
35,2018-11-15 14:00:00,100839,Nulo
35,2018-11-15 14:00:00,100843,Nulo
35,2018-11-15 14:00:00,100844,Nulo
35,2018-11-15 14:00:00,100842,Nulo
35,2018-11-15 14:00:00,37657,Nulo
35,2018-11-15 14:00:00,100840,Nulo
35,2018-11-15 14:00:00,100846,Nulo
35,2018-11-15 14:00:00,100845,Nulo
35,2018-11-15 14:00:00,100848,Nulo
35,2018-11-15 14:00:00,100847,Nulo
35,2018-11-15 14:00:00,100898,Nulo
35,2018-11-15 14:00:00,100985,Nulo
35,2018-11-15 14:00:00,101199,Nulo
35,2018-11-15 14:00:00,101314,Provável
35,2018-11-15 14:00:00,101479,Nulo
35,2018-11-15 14:00:00,101315,Nulo
35,2018-11-15 14:00:00,100963,Nulo
35,2018-11-15 14:00:00,100987,Nulo
35,2018-11-15 14:00:00,101073,Nulo
35,2018-11-15 14:00:00,100849,Nulo
35,2018-11-15 14:00:00,101480,Nulo
35,2018-11-15 14:00:00,101421,Nulo
35,2018-11-15 14:00:00,101481,Nulo
35,2018-11-15 14:00:00,101422,Nulo
35,2018-11-15 14:00:00,101482,Nulo
35,2018-11-15 14:00:00,101483,Nulo
35,2018-11-15 14:00:00,101574,Nulo
35,2018-11-15 14:00:00,101531,Nulo
35,2018-11-15 14:00:00,101484,Nulo
35,2018-11-15 14:00:00,101580,Nulo
35,2018-11-15 14:00:00,101585,Provável
35,2018-11-15 14:00:00,101573,Nulo
35,2018-11-15 14:00:00,101575,Nulo
35,2018-11-15 14:00:00,101597,Nulo
35,2018-11-15 14:00:00,101579,Nulo
35,2018-11-15 14:00:00,101598,Nulo
35,2018-11-15 14:00:00,101577,Nulo
35,2018-11-15 14:00:00,101594,Nulo
35,2018-11-15 14:00:00,101596,Nulo
35,2018-11-15 14:00:00,101600,Nulo
35,2018-11-15 14:00:00,101592,Nulo
35,2018-11-15 14:00:00,101601,Nulo
35,2018-11-15 14:00:00,101627,Nulo
35,2018-11-15 14:00:00,101603,Nulo
35,2018-11-15 14:00:00,101686,Nulo
35,2018-11-15 14:00:00,101708,Provável
35,2018-11-15 14:00:00,101678,Nulo
35,2018-11-15 14:00:00,101715,Nulo
35,2018-11-15 14:00:00,101718,Nulo
35,2018-11-15 14:00:00,101719,Nulo
35,2018-11-15 14:00:00,101716,Nulo
35,2018-11-15 14:00:00,101758,Nulo
35,2018-11-15 14:00:00,101722,Nulo
35,2018-11-15 14:00:00,101725,Nulo
35,2018-11-15 14:00:00,101717,Nulo
35,2018-11-15 14:00:00,101759,Nulo
35,2018-11-15 14:00:00,84893,Provável
35,2018-11-15 14:00:00,101720,Nulo
35,2018-11-15 14:00:00,101820,Nulo
35,2018-11-15 14:00:00,101803,Nulo
35,2018-11-15 14:00:00,101877,Nulo
35,2018-11-15 14:00:00,101796,Contundido
35,2018-11-15 14:00:00,101857,Contundido
35,2018-11-15 14:00:00,101885,Nulo
35,2018-11-15 14:00:00,101912,Nulo
35,2018-11-15 14:00:00,101797,Nulo
35,2018-11-15 14:00:00,101721,Nulo
35,2018-11-15 14:00:00,101960,Nulo
35,2018-11-15 14:00:00,102063,Nulo
35,2018-11-15 14:00:00,102146,Nulo
35,2018-11-15 14:00:00,102137,Nulo
35,2018-11-15 14:00:00,102076,Nulo
35,2018-11-15 14:00:00,102253,Nulo
35,2018-11-15 14:00:00,101911,Nulo
35,2018-11-15 14:00:00,102107,Contundido
35,2018-11-15 14:00:00,102290,Nulo
35,2018-11-15 14:00:00,102553,Nulo
35,2018-11-15 14:00:00,102299,Nulo
35,2018-11-15 14:00:00,102302,Nulo
35,2018-11-15 14:00:00,102342,Nulo
35,2018-11-15 14:00:00,102597,Nulo
35,2018-11-15 14:00:00,102340,Nulo
35,2018-11-15 14:00:00,102301,Nulo
35,2018-11-15 14:00:00,102384,Nulo
35,2018-11-15 14:00:00,102594,Nulo
35,2018-11-15 14:00:00,102413,Nulo
35,2018-11-15 14:00:00,102295,Contundido
35,2018-11-15 14:00:00,102599,Dúvida
35,2018-11-15 14:00:00,102686,Nulo
35,2018-11-15 14:00:00,102655,Nulo
35,2018-11-15 14:00:00,102849,Nulo
35,2018-11-15 14:00:00,102719,Nulo
35,2018-11-15 14:00:00,102609,Nulo
35,2018-11-15 14:00:00,102850,Nulo
35,2018-11-15 14:00:00,102700,Nulo
35,2018-11-15 14:00:00,102336,Nulo
35,2018-11-15 14:00:00,102878,Nulo
35,2018-11-15 14:00:00,102852,Nulo
35,2018-11-15 14:00:00,37645,Nulo
35,2018-11-15 14:00:00,102598,Nulo
35,2018-11-15 14:00:00,38910,Provável
35,2018-11-15 14:00:00,102771,Nulo
35,2018-11-15 14:00:00,102889,Nulo
35,2018-11-15 14:00:00,38913,Provável
35,2018-11-15 14:00:00,38928,Nulo
35,2018-11-15 14:00:00,102894,Provável
35,2018-11-15 14:00:00,102892,Contundido
35,2018-11-15 14:00:00,38957,Nulo
35,2018-11-15 14:00:00,39431,Provável
35,2018-11-15 14:00:00,102902,Nulo
35,2018-11-15 14:00:00,102903,Nulo
35,2018-11-15 14:00:00,102909,Contundido
35,2018-11-15 14:00:00,91743,Nulo
35,2018-11-15 14:00:00,102905,Nulo
35,2018-11-15 14:00:00,102911,Nulo
35,2018-11-15 14:00:00,91783,Provável
35,2018-11-15 14:00:00,91808,Nulo
35,2018-11-15 14:00:00,91928,Dúvida
35,2018-11-15 14:00:00,84917,Suspenso
35,2018-11-15 14:00:00,91929,Contundido
35,2018-11-15 14:00:00,102914,Nulo
35,2018-11-15 14:00:00,92085,Nulo
35,2018-11-15 14:00:00,91866,Nulo
35,2018-11-15 14:00:00,102912,Nulo
35,2018-11-15 14:00:00,92094,Suspenso
35,2018-11-15 14:00:00,102956,Nulo
35,2018-11-15 14:00:00,102915,Nulo
35,2018-11-15 14:00:00,103077,Nulo
35,2018-11-15 14:00:00,103056,Nulo
35,2018-11-15 14:00:00,103076,Provável
35,2018-11-15 14:00:00,103006,Provável
35,2018-11-15 14:00:00,102957,Nulo
35,2018-11-15 14:00:00,103069,Nulo
35,2018-11-15 14:00:00,86711,Suspenso
35,2018-11-15 14:00:00,103093,Nulo
35,2018-11-15 14:00:00,103099,Nulo
35,2018-11-15 14:00:00,92128,Nulo
35,2018-11-15 14:00:00,103088,Provável
35,2018-11-15 14:00:00,103345,Nulo
35,2018-11-15 14:00:00,92180,Provável
35,2018-11-15 14:00:00,92171,Provável
35,2018-11-15 14:00:00,103444,Nulo
35,2018-11-15 14:00:00,103261,Nulo
35,2018-11-15 14:00:00,92182,Nulo
35,2018-11-15 14:00:00,103295,Provável
35,2018-11-15 14:00:00,103446,Nulo
35,2018-11-15 14:00:00,103445,Nulo
35,2018-11-15 14:00:00,92474,Nulo
35,2018-11-15 14:00:00,92197,Contundido
35,2018-11-15 14:00:00,92273,Provável
35,2018-11-15 14:00:00,103311,Nulo
35,2018-11-15 14:00:00,92496,Provável
35,2018-11-15 14:00:00,92497,Dúvida
35,2018-11-15 14:00:00,92207,Nulo
35,2018-11-15 14:00:00,103455,Nulo
35,2018-11-15 14:00:00,92377,Nulo
35,2018-11-15 14:00:00,92574,Nulo
35,2018-11-15 14:00:00,92662,Nulo
35,2018-11-15 14:00:00,92617,Nulo
35,2018-11-15 14:00:00,103559,Dúvida
35,2018-11-15 14:00:00,93146,Nulo
35,2018-11-15 14:00:00,92981,Nulo
35,2018-11-15 14:00:00,93108,Provável
35,2018-11-15 14:00:00,103523,Nulo
35,2018-11-15 14:00:00,103645,Nulo
35,2018-11-15 14:00:00,103577,Nulo
35,2018-11-15 14:00:00,92692,Nulo
35,2018-11-15 14:00:00,93368,Contundido
35,2018-11-15 14:00:00,93296,Nulo
35,2018-11-15 14:00:00,92708,Nulo
35,2018-11-15 14:00:00,103576,Nulo
35,2018-11-15 14:00:00,103490,Nulo
35,2018-11-15 14:00:00,94980,Nulo
35,2018-11-15 14:00:00,103704,Dúvida
35,2018-11-15 14:00:00,95660,Nulo
35,2018-11-15 14:00:00,103662,Nulo
35,2018-11-15 14:00:00,93414,Suspenso
35,2018-11-15 14:00:00,91639,Provável
35,2018-11-15 14:00:00,95798,Nulo
35,2018-11-15 14:00:00,94977,Nulo
35,2018-11-15 14:00:00,103684,Nulo
35,2018-11-15 14:00:00,86740,Nulo
35,2018-11-15 14:00:00,94981,Nulo
35,2018-11-15 14:00:00,95180,Nulo
35,2018-11-15 14:00:00,94971,Nulo
35,2018-11-15 14:00:00,95210,Nulo
35,2018-11-15 14:00:00,95131,Nulo
35,2018-11-15 14:00:00,95622,Nulo
35,2018-11-15 14:00:00,95332,Nulo
35,2018-11-15 14:00:00,94975,Contundido
35,2018-11-15 14:00:00,93482,Nulo
35,2018-11-15 14:00:00,95638,Provável
35,2018-11-15 14:00:00,93659,Nulo
35,2018-11-15 14:00:00,95484,Nulo
35,2018-11-15 14:00:00,95464,Provável
35,2018-11-15 14:00:00,94968,Nulo
35,2018-11-15 14:00:00,95799,Nulo
35,2018-11-15 14:00:00,95662,Nulo
35,2018-11-15 14:00:00,93677,Nulo
35,2018-11-15 14:00:00,93678,Nulo
35,2018-11-15 14:00:00,95849,Nulo
35,2018-11-15 14:00:00,93791,Nulo
35,2018-11-15 14:00:00,95770,Nulo
35,2018-11-15 14:00:00,93789,Nulo
35,2018-11-15 14:00:00,93787,Provável
35,2018-11-15 14:00:00,95802,Nulo
35,2018-11-15 14:00:00,95780,Provável
35,2018-11-15 14:00:00,95831,Nulo
35,2018-11-15 14:00:00,93869,Nulo
35,2018-11-15 14:00:00,95820,Provável
35,2018-11-15 14:00:00,93834,Nulo
35,2018-11-15 14:00:00,93886,Provável
35,2018-11-15 14:00:00,94067,Provável
35,2018-11-15 14:00:00,94044,Nulo
35,2018-11-15 14:00:00,94010,Nulo
35,2018-11-15 14:00:00,93882,Nulo
35,2018-11-15 14:00:00,95853,Nulo
35,2018-11-15 14:00:00,93797,Provável
35,2018-11-15 14:00:00,95843,Dúvida
35,2018-11-15 14:00:00,94147,Nulo
35,2018-11-15 14:00:00,95803,Provável
35,2018-11-15 14:00:00,94214,Provável
35,2018-11-15 14:00:00,95958,Nulo
35,2018-11-15 14:00:00,95875,Nulo
35,2018-11-15 14:00:00,94336,Nulo
35,2018-11-15 14:00:00,95738,Nulo
35,2018-11-15 14:00:00,94156,Provável
35,2018-11-15 14:00:00,94286,Contundido
35,2018-11-15 14:00:00,96047,Nulo
35,2018-11-15 14:00:00,96049,Nulo
35,2018-11-15 14:00:00,93785,Nulo
35,2018-11-15 14:00:00,94509,Provável
35,2018-11-15 14:00:00,94894,Nulo
35,2018-11-15 14:00:00,94785,Dúvida
35,2018-11-15 14:00:00,96340,Nulo
35,2018-11-15 14:00:00,94966,Nulo
35,2018-11-15 14:00:00,84718,Nulo
35,2018-11-15 14:00:00,88423,Nulo
35,2018-11-15 14:00:00,97452,Nulo
35,2018-11-15 14:00:00,84761,Provável
35,2018-11-15 14:00:00,94583,Contundido
35,2018-11-15 14:00:00,88687,Provável
35,2018-11-15 14:00:00,96342,Nulo
35,2018-11-15 14:00:00,88669,Provável
35,2018-11-15 14:00:00,84848,Provável
35,2018-11-15 14:00:00,97352,Nulo
35,2018-11-15 14:00:00,96411,Nulo
35,2018-11-15 14:00:00,88898,Provável
35,2018-11-15 14:00:00,85004,Nulo
35,2018-11-15 14:00:00,84851,Nulo
35,2018-11-15 14:00:00,84855,Dúvida
35,2018-11-15 14:00:00,85027,Nulo
35,2018-11-15 14:00:00,85300,Nulo
35,2018-11-15 14:00:00,85400,Contundido
35,2018-11-15 14:00:00,94930,Suspenso
35,2018-11-15 14:00:00,85425,Nulo
35,2018-11-15 14:00:00,85930,Nulo
35,2018-11-15 14:00:00,85418,Contundido
35,2018-11-15 14:00:00,85607,Provável
35,2018-11-15 14:00:00,85626,Nulo
35,2018-11-15 14:00:00,85465,Provável
35,2018-11-15 14:00:00,86227,Nulo
35,2018-11-15 14:00:00,86073,Nulo
35,2018-11-15 14:00:00,86444,Contundido
35,2018-11-15 14:00:00,86143,Provável
35,2018-11-15 14:00:00,86410,Dúvida
35,2018-11-15 14:00:00,86120,Provável
35,2018-11-15 14:00:00,86508,Provável
35,2018-11-15 14:00:00,85931,Nulo
35,2018-11-15 14:00:00,86536,Suspenso
35,2018-11-15 14:00:00,98711,Dúvida
35,2018-11-15 14:00:00,86519,Nulo
35,2018-11-15 14:00:00,97522,Nulo
35,2018-11-15 14:00:00,97528,Nulo
35,2018-11-15 14:00:00,97520,Provável
35,2018-11-15 14:00:00,97527,Nulo
35,2018-11-15 14:00:00,86486,Provável
35,2018-11-15 14:00:00,94935,Provável
35,2018-11-15 14:00:00,97459,Nulo
35,2018-11-15 14:00:00,97803,Contundido
35,2018-11-15 14:00:00,97535,Contundido
35,2018-11-15 14:00:00,86615,Nulo
35,2018-11-15 14:00:00,97619,Nulo
35,2018-11-15 14:00:00,97653,Contundido
35,2018-11-15 14:00:00,97453,Contundido
35,2018-11-15 14:00:00,96468,Nulo
35,2018-11-15 14:00:00,97810,Provável
35,2018-11-15 14:00:00,96966,Dúvida
35,2018-11-15 14:00:00,96870,Provável
35,2018-11-15 14:00:00,96559,Nulo
35,2018-11-15 14:00:00,96633,Nulo
35,2018-11-15 14:00:00,96591,Provável
35,2018-11-15 14:00:00,97154,Provável
35,2018-11-15 14:00:00,97133,Nulo
35,2018-11-15 14:00:00,97317,Suspenso
35,2018-11-15 14:00:00,97315,Nulo
35,2018-11-15 14:00:00,97321,Dúvida
35,2018-11-15 14:00:00,97322,Nulo
35,2018-11-15 14:00:00,97994,Nulo
35,2018-11-15 14:00:00,97867,Nulo
35,2018-11-15 14:00:00,96832,Nulo
35,2018-11-15 14:00:00,98034,Provável
35,2018-11-15 14:00:00,97868,Provável
35,2018-11-15 14:00:00,97863,Nulo
35,2018-11-15 14:00:00,98215,Nulo
35,2018-11-15 14:00:00,98035,Nulo
35,2018-11-15 14:00:00,97900,Nulo
35,2018-11-15 14:00:00,98057,Provável
35,2018-11-15 14:00:00,98221,Provável
35,2018-11-15 14:00:00,97930,Nulo
35,2018-11-15 14:00:00,98184,Nulo
35,2018-11-15 14:00:00,97902,Nulo
35,2018-11-15 14:00:00,98333,Nulo
35,2018-11-15 14:00:00,98412,Nulo
35,2018-11-15 14:00:00,98097,Nulo
35,2018-11-15 14:00:00,97987,Nulo
35,2018-11-15 14:00:00,98352,Suspenso
35,2018-11-15 14:00:00,98515,Nulo
35,2018-11-15 14:00:00,98517,Nulo
35,2018-11-15 14:00:00,98484,Nulo
35,2018-11-15 14:00:00,98595,Nulo
35,2018-11-15 14:00:00,98421,Nulo
35,2018-11-15 14:00:00,98569,Nulo
35,2018-11-15 14:00:00,97969,Nulo
35,2018-11-15 14:00:00,97931,Nulo
35,2018-11-15 14:00:00,97907,Nulo
35,2018-11-15 14:00:00,98420,Nulo
35,2018-11-15 14:00:00,98945,Nulo
35,2018-11-15 14:00:00,98706,Provável
35,2018-11-15 14:00:00,98593,Nulo
35,2018-11-15 14:00:00,98765,Nulo
35,2018-11-15 14:00:00,98794,Nulo
35,2018-11-15 14:00:00,98841,Nulo
35,2018-11-15 14:00:00,98874,Nulo
35,2018-11-15 14:00:00,98832,Dúvida
35,2018-11-15 14:00:00,99021,Nulo
35,2018-11-15 14:00:00,102352,Nulo
35,2018-11-15 14:00:00,97856,Nulo
